month,segment,median_price,n_transactions,appreciation,appreciation_w,FEDFUNDS,UNRATE,PCE_YOY,MORTGAGE_SPREAD,regime,regime_name
2016-02-01,1BR,760000.0,57,-13.142857142857146,-13.142857142857146,0.38,4.9,3.614050146080583,3.28,2,Expansion / Normalization
2016-03-01,1BR,813300.0,60,7.013157894736843,7.013157894736843,0.36,5.0,2.9640032522728843,3.334,2,Expansion / Normalization
2016-04-01,1BR,824891.0,66,1.4251813598918028,1.4251813598918028,0.37,5.1,3.2959022368561186,3.235,2,Expansion / Normalization
2016-05-01,1BR,922500.0,56,11.83295732405858,11.83295732405858,0.37,4.8,3.073626928654072,3.23,2,Expansion / Normalization
2016-06-01,1BR,805000.0,57,-12.737127371273715,-12.737127371273715,0.38,4.9,3.439254462580954,3.188,2,Expansion / Normalization
2016-08-01,1BR,700000.0,63,-13.043478260869568,-13.043478260869568,0.4,4.9,3.161452703247769,3.035,2,Expansion / Normalization
2016-09-01,1BR,795000.0,54,13.571428571428568,13.571428571428568,0.4,5.0,3.715365239294721,3.06,2,Expansion / Normalization
2016-10-01,1BR,808500.0,66,1.6981132075471805,1.6981132075471805,0.4,4.9,3.808824597213367,3.0700000000000003,2,Expansion / Normalization
2016-11-01,1BR,790000.0,57,-2.2881880024737122,-2.2881880024737122,0.41,4.7,3.78163436151715,3.36,2,Expansion / Normalization
2016-12-01,1BR,730560.5,68,-7.523987341772154,-7.523987341772154,0.54,4.7,4.4482814005782245,3.658,2,Expansion / Normalization
2017-01-01,1BR,737250.0,52,0.9156668065136264,0.9156668065136264,0.65,4.7,4.693861195704452,3.5000000000000004,2,Expansion / Normalization
2017-02-01,1BR,840000.0,67,13.93692777212614,13.93692777212614,0.66,4.6,4.252658409335286,3.5075000000000003,2,Expansion / Normalization
2017-03-01,1BR,845303.5,58,0.6313690476190459,0.6313690476190459,0.79,4.4,4.808965462231796,3.4059999999999997,2,Expansion / Normalization
2017-05-01,1BR,887750.0,104,5.021450875336497,5.021450875336497,0.91,4.4,4.103471986216367,3.0999999999999996,2,Expansion / Normalization
2017-06-01,1BR,827500.0,72,-6.786820613911571,-6.786820613911571,1.04,4.3,3.880231242930754,2.864,2,Expansion / Normalization
2017-07-01,1BR,843500.0,64,1.9335347432024141,1.9335347432024141,1.15,4.3,3.971246482240698,2.8175000000000003,2,Expansion / Normalization
2017-08-01,1BR,890000.0,63,5.512744516893897,5.512744516893897,1.16,4.4,3.960713475809552,2.72,2,Expansion / Normalization
2017-09-01,1BR,1085000.0,71,21.91011235955056,19.041095890410965,1.15,4.3,4.442420562639127,2.655,2,Expansion / Normalization
2017-10-01,1BR,805000.0,63,-25.806451612903224,-17.917917917917915,1.15,4.2,4.511541151783627,2.745,2,Expansion / Normalization
2017-11-01,1BR,965000.0,149,19.875776397515523,19.041095890410965,1.16,4.2,5.022880632901572,2.7619999999999996,2,Expansion / Normalization
2018-01-01,1BR,802500.0,76,-16.839378238341972,-16.839378238341972,1.41,4.0,4.896009553189362,2.6225000000000005,2,Expansion / Normalization
2018-02-01,1BR,787500.0,64,-1.869158878504673,-1.869158878504673,1.42,4.1,4.968521744445464,2.91,2,Expansion / Normalization
2018-03-01,1BR,905000.0,70,14.920634920634912,14.920634920634912,1.51,4.0,4.971879542462276,2.934,2,Expansion / Normalization
2018-04-01,1BR,765000.0,67,-15.469613259668513,-15.469613259668513,1.69,4.0,5.081553928864313,2.7775000000000003,2,Expansion / Normalization
2018-05-01,1BR,795000.0,60,3.9215686274509887,3.9215686274509887,1.7,3.8,5.565635937108548,2.886,2,Expansion / Normalization
2018-06-01,1BR,830000.0,67,4.402515723270439,4.402515723270439,1.82,4.0,5.3322445029186705,2.75,2,Expansion / Normalization
2018-07-01,1BR,747500.0,58,-9.93975903614458,-9.93975903614458,1.91,3.8,5.364426650984289,2.6174999999999997,2,Expansion / Normalization
2018-08-01,1BR,880000.0,62,17.725752508361214,17.725752508361214,1.91,3.8,5.411219592917416,2.6399999999999997,2,Expansion / Normalization
2018-09-01,1BR,765000.0,69,-13.068181818181824,-13.068181818181824,1.95,3.7,4.475565128602632,2.6774999999999993,2,Expansion / Normalization
2018-10-01,1BR,880000.0,63,15.032679738562083,15.032679738562083,2.19,3.8,4.726529094627252,2.64,2,Expansion / Normalization
2018-11-01,1BR,780000.0,67,-11.363636363636365,-11.363636363636365,2.2,3.8,4.595808162119841,2.6659999999999995,2,Expansion / Normalization
2018-12-01,1BR,905000.0,57,16.025641025641036,16.025641025641036,2.27,3.9,2.8208486693350743,2.3675,2,Expansion / Normalization
2019-01-01,1BR,730000.0,69,-19.33701657458563,-17.917917917917915,2.4,4.0,2.7825414316259733,2.0640000000000005,2,Expansion / Normalization
2019-02-01,1BR,869000.0,64,19.041095890410965,19.041095890410965,2.4,3.8,2.7564471165393956,1.97,2,Expansion / Normalization
2019-03-01,1BR,975000.0,64,12.197928653624857,12.197928653624857,2.41,3.8,3.301626888611775,1.8549999999999995,2,Expansion / Normalization
2019-04-01,1BR,800000.0,83,-17.948717948717952,-17.917917917917915,2.42,3.7,3.263383050063595,1.7225,2,Expansion / Normalization
2019-05-01,1BR,920000.0,56,14.999999999999991,14.999999999999991,2.39,3.6,3.224020136641492,1.682,2,Expansion / Normalization
2019-06-01,1BR,987000.0,30,7.282608695652182,7.282608695652182,2.38,3.6,3.433497961293286,1.4225,2,Expansion / Normalization
2019-07-01,1BR,865000.0,79,-12.360688956433641,-12.360688956433641,2.4,3.7,3.729570369522284,1.3650000000000002,2,Expansion / Normalization
2019-08-01,1BR,782500.0,64,-9.537572254335258,-9.537572254335258,2.13,3.6,3.883259597545319,1.4859999999999998,2,Expansion / Normalization
2019-09-01,1BR,795000.0,68,1.5974440894568787,1.5974440894568787,2.04,3.5,4.086233217766,1.565,2,Expansion / Normalization
2019-10-01,1BR,850000.0,65,6.91823899371069,6.91823899371069,1.83,3.6,3.793909011510243,1.8579999999999997,2,Expansion / Normalization
2019-11-01,1BR,717000.0,61,-15.647058823529413,-15.647058823529413,1.55,3.6,3.869970133235423,2.1450000000000005,2,Expansion / Normalization
2019-12-01,1BR,971168.5,58,35.448884239888436,19.041095890410965,1.55,3.6,5.146744854678453,2.17,2,Expansion / Normalization
2020-01-01,1BR,852500.0,84,-12.21914631703973,-12.21914631703973,1.55,3.6,5.564233276060371,2.074,2,Expansion / Normalization
2020-02-01,1BR,815000.0,69,-4.398826979472137,-4.398826979472137,1.58,3.5,5.034213098729223,1.885,2,Expansion / Normalization
2020-03-01,1BR,825000.0,64,1.2269938650306678,1.2269938650306678,0.65,4.4,-3.058546102775017,2.8000000000000003,3,COVID Shock
2020-04-01,1BR,805000.0,51,-2.4242424242424288,-2.4242424242424288,0.05,14.8,-14.2813156053184,3.256,3,COVID Shock
2020-05-01,1BR,725000.0,79,-9.937888198757761,-9.937888198757761,0.05,13.2,-7.467272334585074,3.1825,3,COVID Shock
2020-06-01,1BR,766000.0,62,5.655172413793097,5.655172413793097,0.08,11.0,-2.4950203696377904,3.0825,3,COVID Shock
2020-07-01,1BR,780000.0,61,1.8276762402088753,1.8276762402088753,0.09,10.2,-1.3024282560706313,2.926,3,COVID Shock
2020-08-01,1BR,730000.0,51,-6.41025641025641,-6.41025641025641,0.1,8.4,-0.6594221813136292,2.835,3,COVID Shock
2020-09-01,1BR,765000.0,69,4.794520547945202,4.794520547945202,0.09,7.8,0.5311639000452395,2.8000000000000003,3,COVID Shock
2020-10-01,1BR,782500.0,68,2.287581699346397,2.287581699346397,0.09,6.9,0.7415819502784249,2.744,3,COVID Shock
2020-11-01,1BR,649500.0,64,-16.99680511182109,-16.99680511182109,0.09,6.7,-0.0638977635782689,2.6750000000000003,3,COVID Shock
2020-12-01,1BR,775000.0,61,19.322555812163202,19.041095890410965,0.09,6.7,0.3194628692097412,2.5940000000000003,3,COVID Shock
2021-01-01,1BR,730000.0,75,-5.8064516129032295,-5.8064516129032295,0.09,6.4,1.3767545718071483,2.645,3,COVID Shock
2021-02-01,1BR,700000.0,61,-4.109589041095896,-4.109589041095896,0.08,6.2,1.048010196855964,2.73,3,COVID Shock
2021-03-01,1BR,740000.0,65,5.714285714285716,5.714285714285716,0.07,6.1,13.732914398239316,3.0125,0,Inflation Surge
2021-04-01,1BR,769000.0,61,3.918918918918912,3.918918918918912,0.07,6.1,29.94726186199914,2.99,0,Inflation Surge
2021-05-01,1BR,942500.0,70,22.561768530559178,19.041095890410965,0.06,5.8,20.268794940330537,2.9025,0,Inflation Surge
2021-06-01,1BR,708000.0,56,-24.88063660477453,-17.917917917917915,0.08,5.9,15.249978646470977,2.895,0,Inflation Surge
2021-07-01,1BR,777500.0,58,9.81638418079096,9.81638418079096,0.1,5.4,13.507185193469027,2.768,0,Inflation Surge
2021-08-01,1BR,840000.0,67,8.038585209003223,8.038585209003223,0.09,5.1,13.488265962301726,2.7525000000000004,0,Inflation Surge
2021-09-01,1BR,810000.0,49,-3.57142857142857,-3.57142857142857,0.08,4.7,12.418104594323731,2.82,0,Inflation Surge
2021-10-01,1BR,912500.0,58,12.65432098765431,12.65432098765431,0.08,4.5,13.43492373928752,2.9875,0,Inflation Surge
2021-11-01,1BR,845000.0,73,-7.397260273972606,-7.397260273972606,0.08,4.1,14.61201501877345,2.9875,0,Inflation Surge
2021-12-01,1BR,825000.0,48,-2.3668639053254448,-2.3668639053254448,0.08,3.9,13.958979894751057,3.018,0,Inflation Surge
2022-01-01,1BR,797208.0,57,-3.3687272727272677,-3.3687272727272677,0.08,4.0,12.74331586280104,3.365,0,Inflation Surge
2022-02-01,1BR,775000.0,69,-2.785722170374605,-2.785722170374605,0.08,3.9,14.165582140354394,3.6825,0,Inflation Surge
2022-03-01,1BR,815000.0,75,5.161290322580636,5.161290322580636,0.2,3.7,10.423496311196256,3.971999999999999,0,Inflation Surge
2022-04-01,1BR,843000.0,60,3.435582822085892,3.435582822085892,0.33,3.7,9.879063923354805,4.6525,0,Inflation Surge
2022-05-01,1BR,825000.0,69,-2.135231316725983,-2.135231316725983,0.77,3.6,10.02285034588537,4.459999999999999,0,Inflation Surge
2022-06-01,1BR,788750.0,64,-4.3939393939393945,-4.3939393939393945,1.21,3.6,9.65618187095858,4.312,0,Inflation Surge
2022-07-01,1BR,852500.0,65,8.082408874801894,8.082408874801894,1.68,3.5,9.423819405530876,3.7325,0,Inflation Surge
2022-08-01,1BR,860000.0,69,0.8797653958944274,0.8797653958944274,2.33,3.6,9.161086706188426,2.8925,0,Inflation Surge
2022-09-01,1BR,825000.0,61,-4.069767441860462,-4.069767441860462,2.56,3.5,9.116048903551333,3.552,0,Inflation Surge
2022-10-01,1BR,800000.0,65,-3.0303030303030276,-3.0303030303030276,3.08,3.6,8.413452904060037,3.82,0,Inflation Surge
2022-11-01,1BR,812750.0,70,1.5937499999999938,1.5937499999999938,3.78,3.6,7.467150945411816,3.025,1,Aggressive Tightening
2022-12-01,1BR,900000.0,70,10.735158412796064,10.735158412796064,4.1,3.5,7.255343082114729,2.264,1,Aggressive Tightening
2023-01-01,1BR,850000.0,69,-5.555555555555558,-5.555555555555558,4.33,3.5,8.563711471242442,1.9425,1,Aggressive Tightening
2023-02-01,1BR,770000.0,57,-9.411764705882353,-9.411764705882353,4.57,3.6,8.100081842628315,1.6875,1,Aggressive Tightening
2023-03-01,1BR,877500.0,62,13.961038961038952,13.961038961038952,4.65,3.5,6.763051097583483,1.8939999999999992,1,Aggressive Tightening
2023-04-01,1BR,950000.0,55,8.26210826210827,8.26210826210827,4.83,3.4,6.585477415666086,1.5124999999999993,1,Aggressive Tightening
2023-05-01,1BR,829873.0,55,-12.644947368421056,-12.644947368421056,5.06,3.6,6.202736919969265,1.3650000000000002,1,Aggressive Tightening
2023-06-01,1BR,785000.0,71,-5.407212910891179,-5.407212910891179,5.08,3.6,5.732405154546272,1.6340000000000003,1,Aggressive Tightening
2023-07-01,1BR,915000.0,69,16.560509554140125,16.560509554140125,5.12,3.5,6.269520149014363,1.7199999999999998,1,Aggressive Tightening
2023-08-01,1BR,780000.0,68,-14.754098360655743,-14.754098360655743,5.33,3.7,5.786844528786306,1.742,1,Aggressive Tightening
2023-09-01,1BR,730000.0,69,-6.41025641025641,-6.41025641025641,5.33,3.7,5.865123827308705,1.87,1,Aggressive Tightening
2023-10-01,1BR,750000.0,51,2.7397260273972712,2.7397260273972712,5.33,3.9,5.520828731722416,2.29,1,Aggressive Tightening
2023-11-01,1BR,790000.0,63,5.333333333333323,5.333333333333323,5.33,3.7,5.9139606803622735,2.112,1,Aggressive Tightening
2023-12-01,1BR,735000.0,55,-6.9620253164556996,-6.9620253164556996,5.33,3.8,6.4416415974388075,1.4850000000000003,1,Aggressive Tightening
2024-01-01,1BR,755000.0,60,2.7210884353741527,2.7210884353741527,5.33,3.7,4.630036153525108,1.3125,1,Aggressive Tightening
2024-02-01,1BR,780000.0,60,3.31125827814569,3.31125827814569,5.33,3.9,5.16396634147398,1.4460000000000006,1,Aggressive Tightening
2024-03-01,1BR,770000.0,63,-1.2820512820512775,-1.2820512820512775,5.33,3.9,5.730977732662357,1.4900000000000002,1,Aggressive Tightening
2024-04-01,1BR,845000.0,51,9.740259740259738,9.740259740259738,5.33,3.9,5.492495359890137,1.6624999999999996,1,Aggressive Tightening
2024-05-01,1BR,950000.0,70,12.426035502958577,12.426035502958577,5.33,3.9,5.8581485807357225,1.7299999999999995,1,Aggressive Tightening
2024-06-01,1BR,815000.0,51,-14.210526315789473,-14.210526315789473,5.33,4.1,5.707665263942907,1.5875000000000004,1,Aggressive Tightening
2024-07-01,1BR,836500.0,70,2.638036809815958,2.638036809815958,5.33,4.2,5.641223880280877,1.5175,1,Aggressive Tightening
2024-08-01,1BR,805000.0,73,-3.765690376569042,-3.765690376569042,5.33,4.2,5.529380107949544,1.17,1,Aggressive Tightening
2024-09-01,1BR,895000.0,77,11.180124223602483,11.180124223602483,5.13,4.1,5.772229251211414,1.0499999999999998,1,Aggressive Tightening
2024-10-01,1BR,815000.0,68,-8.93854748603352,-8.93854748603352,4.83,4.1,5.843197588621307,1.598,1,Aggressive Tightening
2024-11-01,1BR,800000.0,63,-1.8404907975460127,-1.8404907975460127,4.64,4.2,5.916397707897736,2.165,1,Aggressive Tightening
2024-12-01,1BR,820000.0,65,2.499999999999991,2.499999999999991,4.48,4.1,6.382658749708292,2.234999999999999,1,Aggressive Tightening
2025-01-01,1BR,935000.0,73,14.02439024390243,14.02439024390243,4.33,4.0,6.003636683883085,2.628,1,Aggressive Tightening
2025-02-01,1BR,765000.0,63,-18.181818181818176,-17.917917917917915,4.33,4.2,5.519245108374249,2.5124999999999993,1,Aggressive Tightening
2025-03-01,1BR,900000.0,57,17.647058823529417,17.647058823529417,4.33,4.2,5.62358925124351,2.3200000000000003,1,Aggressive Tightening
2025-04-01,1BR,899000.0,65,-0.11111111111110628,-0.11111111111110628,4.33,4.2,5.495354856425161,2.3949999999999996,1,Aggressive Tightening
2025-05-01,1BR,815000.0,62,-9.343715239154616,-9.343715239154616,4.33,4.3,5.046057293248296,2.486,1,Aggressive Tightening
2025-06-01,1BR,902500.0,62,10.73619631901841,10.73619631901841,4.33,4.1,5.159616014512847,2.4875,1,Aggressive Tightening
2025-07-01,1BR,872756.0,58,-3.2957340720221606,-3.2957340720221606,4.33,4.3,5.30238853104088,2.390000000000001,1,Aggressive Tightening
2025-08-01,1BR,999000.0,39,14.464982194336095,14.464982194336095,4.33,4.3,5.612135211211267,2.2575000000000003,1,Aggressive Tightening
2025-09-01,1BR,820000.0,65,-17.917917917917915,-17.917917917917915,4.22,4.4,5.235363020905726,2.1325000000000003,1,Aggressive Tightening
2025-11-01,1BR,915000.0,57,-3.68421052631579,-3.68421052631579,3.88,4.5,5.26888390044109,2.3575,1,Aggressive Tightening
2025-12-01,1BR,865000.0,62,-5.464480874316935,-5.464480874316935,3.72,4.4,4.682587268393279,2.4699999999999993,1,Aggressive Tightening
2016-02-01,2BR,2092073.0,50,29.74096124031007,29.74096124031007,0.38,4.9,3.614050146080583,3.28,2,Expansion / Normalization
2016-03-01,2BR,1220000.0,52,-41.68463528758317,-19.462686567164177,0.36,5.0,2.9640032522728843,3.334,2,Expansion / Normalization
2016-04-01,2BR,1507500.0,44,23.5655737704918,23.5655737704918,0.37,5.1,3.2959022368561186,3.235,2,Expansion / Normalization
2016-05-01,2BR,1772500.0,56,17.578772802653408,17.578772802653408,0.37,4.8,3.073626928654072,3.23,2,Expansion / Normalization
2016-06-01,2BR,1402500.0,50,-20.87447108603667,-19.462686567164177,0.38,4.9,3.439254462580954,3.188,2,Expansion / Normalization
2016-08-01,2BR,1400000.0,45,-0.17825311942959443,-0.17825311942959443,0.4,4.9,3.161452703247769,3.035,2,Expansion / Normalization
2016-09-01,2BR,1355000.0,50,-3.214285714285714,-3.214285714285714,0.4,5.0,3.715365239294721,3.06,2,Expansion / Normalization
2016-10-01,2BR,1349000.0,42,-0.44280442804428555,-0.44280442804428555,0.4,4.9,3.808824597213367,3.0700000000000003,2,Expansion / Normalization
2016-11-01,2BR,1486250.0,56,10.174203113417345,10.174203113417345,0.41,4.7,3.78163436151715,3.36,2,Expansion / Normalization
2016-12-01,2BR,2050000.0,49,37.93103448275863,29.74096124031007,0.54,4.7,4.4482814005782245,3.658,2,Expansion / Normalization
2017-01-01,2BR,1728683.0,51,-15.674,-15.674,0.65,4.7,4.693861195704452,3.5000000000000004,2,Expansion / Normalization
2017-02-01,2BR,1499000.0,46,-13.286588692085244,-13.286588692085244,0.66,4.6,4.252658409335286,3.5075000000000003,2,Expansion / Normalization
2017-03-01,2BR,1950000.0,49,30.086724482988657,29.74096124031007,0.79,4.4,4.808965462231796,3.4059999999999997,2,Expansion / Normalization
2017-05-01,2BR,1562500.0,116,-19.87179487179487,-19.462686567164177,0.91,4.4,4.103471986216367,3.0999999999999996,2,Expansion / Normalization
2017-06-01,2BR,1790968.5,60,14.62198400000001,14.62198400000001,1.04,4.3,3.880231242930754,2.864,2,Expansion / Normalization
2017-07-01,2BR,1721978.5,64,-3.8521057182189455,-3.8521057182189455,1.15,4.3,3.971246482240698,2.8175000000000003,2,Expansion / Normalization
2017-08-01,2BR,1695000.0,58,-1.566715263866536,-1.566715263866536,1.16,4.4,3.960713475809552,2.72,2,Expansion / Normalization
2017-09-01,2BR,1685000.0,52,-0.5899705014749235,-0.5899705014749235,1.15,4.3,4.442420562639127,2.655,2,Expansion / Normalization
2017-10-01,2BR,1740000.0,67,3.264094955489605,3.264094955489605,1.15,4.2,4.511541151783627,2.745,2,Expansion / Normalization
2017-11-01,2BR,1570000.0,91,-9.77011494252874,-9.77011494252874,1.16,4.2,5.022880632901572,2.7619999999999996,2,Expansion / Normalization
2018-01-01,2BR,1835000.0,61,16.878980891719753,16.878980891719753,1.41,4.0,4.896009553189362,2.6225000000000005,2,Expansion / Normalization
2018-02-01,2BR,1800000.0,51,-1.9073569482288777,-1.9073569482288777,1.42,4.1,4.968521744445464,2.91,2,Expansion / Normalization
2018-03-01,2BR,1605000.0,46,-10.833333333333329,-10.833333333333329,1.51,4.0,4.971879542462276,2.934,2,Expansion / Normalization
2018-04-01,2BR,1775025.0,49,10.593457943925234,10.593457943925234,1.69,4.0,5.081553928864313,2.7775000000000003,2,Expansion / Normalization
2018-05-01,2BR,1851000.0,47,4.2802214053323295,4.2802214053323295,1.7,3.8,5.565635937108548,2.886,2,Expansion / Normalization
2018-06-01,2BR,1620000.0,52,-12.479740680713125,-12.479740680713125,1.82,4.0,5.3322445029186705,2.75,2,Expansion / Normalization
2018-07-01,2BR,1750000.0,59,8.024691358024683,8.024691358024683,1.91,3.8,5.364426650984289,2.6174999999999997,2,Expansion / Normalization
2018-08-01,2BR,1425000.0,56,-18.571428571428573,-18.571428571428573,1.91,3.8,5.411219592917416,2.6399999999999997,2,Expansion / Normalization
2018-09-01,2BR,1646250.0,50,15.526315789473678,15.526315789473678,1.95,3.7,4.475565128602632,2.6774999999999993,2,Expansion / Normalization
2018-10-01,2BR,1585000.0,48,-3.7205770690964313,-3.7205770690964313,2.19,3.8,4.726529094627252,2.64,2,Expansion / Normalization
2018-11-01,2BR,1450000.0,56,-8.517350157728709,-8.517350157728709,2.2,3.8,4.595808162119841,2.6659999999999995,2,Expansion / Normalization
2018-12-01,2BR,1637500.0,50,12.93103448275863,12.93103448275863,2.27,3.9,2.8208486693350743,2.3675,2,Expansion / Normalization
2019-01-01,2BR,1585000.0,53,-3.2061068702290085,-3.2061068702290085,2.4,4.0,2.7825414316259733,2.0640000000000005,2,Expansion / Normalization
2019-02-01,2BR,1500000.0,53,-5.3627760252365935,-5.3627760252365935,2.4,3.8,2.7564471165393956,1.97,2,Expansion / Normalization
2019-03-01,2BR,1645357.0,54,9.690466666666664,9.690466666666664,2.41,3.8,3.301626888611775,1.8549999999999995,2,Expansion / Normalization
2019-04-01,2BR,1450000.0,41,-11.87322872786879,-11.87322872786879,2.42,3.7,3.263383050063595,1.7225,2,Expansion / Normalization
2019-05-01,2BR,1365000.0,66,-5.862068965517242,-5.862068965517242,2.39,3.6,3.224020136641492,1.682,2,Expansion / Normalization
2019-06-01,2BR,2614888.0,59,91.56688644688644,29.74096124031007,2.38,3.6,3.433497961293286,1.4225,2,Expansion / Normalization
2019-07-01,2BR,1550000.0,51,-40.72403865863471,-19.462686567164177,2.4,3.7,3.729570369522284,1.3650000000000002,2,Expansion / Normalization
2019-08-01,2BR,1407500.0,64,-9.193548387096772,-9.193548387096772,2.13,3.6,3.883259597545319,1.4859999999999998,2,Expansion / Normalization
2019-09-01,2BR,1895000.0,53,34.63587921847247,29.74096124031007,2.04,3.5,4.086233217766,1.565,2,Expansion / Normalization
2019-10-01,2BR,1575000.0,49,-16.886543535620056,-16.886543535620056,1.83,3.6,3.793909011510243,1.8579999999999997,2,Expansion / Normalization
2019-11-01,2BR,1700000.0,61,7.9365079365079305,7.9365079365079305,1.55,3.6,3.869970133235423,2.1450000000000005,2,Expansion / Normalization
2019-12-01,2BR,1472500.0,46,-13.382352941176467,-13.382352941176467,1.55,3.6,5.146744854678453,2.17,2,Expansion / Normalization
2020-01-01,2BR,1805000.0,50,22.580645161290324,22.580645161290324,1.55,3.6,5.564233276060371,2.074,2,Expansion / Normalization
2020-02-01,2BR,1557500.0,55,-13.711911357340723,-13.711911357340723,1.58,3.5,5.034213098729223,1.885,2,Expansion / Normalization
2020-03-01,2BR,1730000.0,62,11.07544141252006,11.07544141252006,0.65,4.4,-3.058546102775017,2.8000000000000003,3,COVID Shock
2020-04-01,2BR,1650000.0,73,-4.6242774566473965,-4.6242774566473965,0.05,14.8,-14.2813156053184,3.256,3,COVID Shock
2020-05-01,2BR,1600000.0,53,-3.0303030303030276,-3.0303030303030276,0.05,13.2,-7.467272334585074,3.1825,3,COVID Shock
2020-06-01,2BR,1502500.0,62,-6.093749999999998,-6.093749999999998,0.08,11.0,-2.4950203696377904,3.0825,3,COVID Shock
2020-07-01,2BR,1675000.0,58,11.480865224625614,11.480865224625614,0.09,10.2,-1.3024282560706313,2.926,3,COVID Shock
2020-08-01,2BR,1350000.0,55,-19.402985074626866,-19.402985074626866,0.1,8.4,-0.6594221813136292,2.835,3,COVID Shock
2020-09-01,2BR,1692500.0,62,25.370370370370377,25.370370370370377,0.09,7.8,0.5311639000452395,2.8000000000000003,3,COVID Shock
2020-10-01,2BR,1675000.0,61,-1.0339734121122546,-1.0339734121122546,0.09,6.9,0.7415819502784249,2.744,3,COVID Shock
2020-11-01,2BR,1349000.0,61,-19.462686567164177,-19.462686567164177,0.09,6.7,-0.0638977635782689,2.6750000000000003,3,COVID Shock
2020-12-01,2BR,1625000.0,47,20.459599703484056,20.459599703484056,0.09,6.7,0.3194628692097412,2.5940000000000003,3,COVID Shock
2021-01-01,2BR,1725000.0,59,6.153846153846154,6.153846153846154,0.09,6.4,1.3767545718071483,2.645,3,COVID Shock
2021-02-01,2BR,1525000.0,61,-11.594202898550721,-11.594202898550721,0.08,6.2,1.048010196855964,2.73,3,COVID Shock
2021-03-01,2BR,1465000.0,67,-3.934426229508192,-3.934426229508192,0.07,6.1,13.732914398239316,3.0125,0,Inflation Surge
2021-04-01,2BR,1475000.0,61,0.6825938566553003,0.6825938566553003,0.07,6.1,29.94726186199914,2.99,0,Inflation Surge
2021-05-01,2BR,1422500.0,60,-3.5593220338983045,-3.5593220338983045,0.06,5.8,20.268794940330537,2.9025,0,Inflation Surge
2021-06-01,2BR,1600000.0,58,12.478031634446406,12.478031634446406,0.08,5.9,15.249978646470977,2.895,0,Inflation Surge
2021-07-01,2BR,1765000.0,55,10.312499999999991,10.312499999999991,0.1,5.4,13.507185193469027,2.768,0,Inflation Surge
2021-08-01,2BR,1550000.0,52,-12.181303116147312,-12.181303116147312,0.09,5.1,13.488265962301726,2.7525000000000004,0,Inflation Surge
2021-09-01,2BR,1420000.0,63,-8.387096774193548,-8.387096774193548,0.08,4.7,12.418104594323731,2.82,0,Inflation Surge
2021-10-01,2BR,1735000.0,61,22.1830985915493,22.1830985915493,0.08,4.5,13.43492373928752,2.9875,0,Inflation Surge
2021-11-01,2BR,1475000.0,60,-14.98559077809798,-14.98559077809798,0.08,4.1,14.61201501877345,2.9875,0,Inflation Surge
2021-12-01,2BR,1650000.0,53,11.864406779661007,11.864406779661007,0.08,3.9,13.958979894751057,3.018,0,Inflation Surge
2022-01-01,2BR,1812500.0,54,9.84848484848484,9.84848484848484,0.08,4.0,12.74331586280104,3.365,0,Inflation Surge
2022-02-01,2BR,1538687.5,60,-15.106896551724136,-15.106896551724136,0.08,3.9,14.165582140354394,3.6825,0,Inflation Surge
2022-03-01,2BR,1897500.0,48,23.31938746496609,23.31938746496609,0.2,3.7,10.423496311196256,3.971999999999999,0,Inflation Surge
2022-04-01,2BR,1806250.0,64,-4.808959156785242,-4.808959156785242,0.33,3.7,9.879063923354805,4.6525,0,Inflation Surge
2022-05-01,2BR,1670000.0,55,-7.543252595155714,-7.543252595155714,0.77,3.6,10.02285034588537,4.459999999999999,0,Inflation Surge
2022-06-01,2BR,1720000.0,45,2.9940119760478945,2.9940119760478945,1.21,3.6,9.65618187095858,4.312,0,Inflation Surge
2022-07-01,2BR,1446250.0,60,-15.915697674418606,-15.915697674418606,1.68,3.5,9.423819405530876,3.7325,0,Inflation Surge
2022-08-01,2BR,1587500.0,58,9.766637856525495,9.766637856525495,2.33,3.6,9.161086706188426,2.8925,0,Inflation Surge
2022-09-01,2BR,1549143.5,64,-2.416157480314962,-2.416157480314962,2.56,3.5,9.116048903551333,3.552,0,Inflation Surge
2022-10-01,2BR,1825000.0,58,17.8070333703753,17.8070333703753,3.08,3.6,8.413452904060037,3.82,0,Inflation Surge
2022-11-01,2BR,1792360.0,52,-1.7884931506849333,-1.7884931506849333,3.78,3.6,7.467150945411816,3.025,1,Aggressive Tightening
2022-12-01,2BR,1725000.0,47,-3.758173581200208,-3.758173581200208,4.1,3.5,7.255343082114729,2.264,1,Aggressive Tightening
2023-01-01,2BR,1585000.0,47,-8.115942028985511,-8.115942028985511,4.33,3.5,8.563711471242442,1.9425,1,Aggressive Tightening
2023-02-01,2BR,2125000.0,49,34.069400630914835,29.74096124031007,4.57,3.6,8.100081842628315,1.6875,1,Aggressive Tightening
2023-03-01,2BR,1712500.0,52,-19.41176470588235,-19.41176470588235,4.65,3.5,6.763051097583483,1.8939999999999992,1,Aggressive Tightening
2023-04-01,2BR,1842500.0,70,7.591240875912408,7.591240875912408,4.83,3.4,6.585477415666086,1.5124999999999993,1,Aggressive Tightening
2023-05-01,2BR,1750000.0,57,-5.02035278154681,-5.02035278154681,5.06,3.6,6.202736919969265,1.3650000000000002,1,Aggressive Tightening
2023-06-01,2BR,1675000.0,54,-4.285714285714281,-4.285714285714281,5.08,3.6,5.732405154546272,1.6340000000000003,1,Aggressive Tightening
2023-07-01,2BR,1472500.0,64,-12.089552238805968,-12.089552238805968,5.12,3.5,6.269520149014363,1.7199999999999998,1,Aggressive Tightening
2023-08-01,2BR,1725000.0,49,17.14770797962648,17.14770797962648,5.33,3.7,5.786844528786306,1.742,1,Aggressive Tightening
2023-09-01,2BR,1605000.0,60,-6.956521739130439,-6.956521739130439,5.33,3.7,5.865123827308705,1.87,1,Aggressive Tightening
2023-10-01,2BR,1850000.0,57,15.264797507788153,15.264797507788153,5.33,3.9,5.520828731722416,2.29,1,Aggressive Tightening
2023-11-01,2BR,1650000.0,53,-10.81081081081081,-10.81081081081081,5.33,3.7,5.9139606803622735,2.112,1,Aggressive Tightening
2023-12-01,2BR,1791000.0,62,8.545454545454545,8.545454545454545,5.33,3.8,6.4416415974388075,1.4850000000000003,1,Aggressive Tightening
2024-01-01,2BR,1570000.0,51,-12.339475153545509,-12.339475153545509,5.33,3.7,4.630036153525108,1.3125,1,Aggressive Tightening
2024-02-01,2BR,1485000.0,59,-5.414012738853502,-5.414012738853502,5.33,3.9,5.16396634147398,1.4460000000000006,1,Aggressive Tightening
2024-03-01,2BR,1500000.0,49,1.0101010101010166,1.0101010101010166,5.33,3.9,5.730977732662357,1.4900000000000002,1,Aggressive Tightening
2024-04-01,2BR,1583175.0,53,5.545,5.545,5.33,3.9,5.492495359890137,1.6624999999999996,1,Aggressive Tightening
2024-05-01,2BR,1750000.0,47,10.537369526426321,10.537369526426321,5.33,3.9,5.8581485807357225,1.7299999999999995,1,Aggressive Tightening
2024-06-01,2BR,1667500.0,53,-4.714285714285715,-4.714285714285715,5.33,4.1,5.707665263942907,1.5875000000000004,1,Aggressive Tightening
2024-07-01,2BR,1642500.0,56,-1.4992503748125885,-1.4992503748125885,5.33,4.2,5.641223880280877,1.5175,1,Aggressive Tightening
2024-08-01,2BR,1615000.0,58,-1.6742770167427756,-1.6742770167427756,5.33,4.2,5.529380107949544,1.17,1,Aggressive Tightening
2024-09-01,2BR,1655000.0,50,2.4767801857585203,2.4767801857585203,5.13,4.1,5.772229251211414,1.0499999999999998,1,Aggressive Tightening
2024-10-01,2BR,1587500.0,54,-4.078549848942603,-4.078549848942603,4.83,4.1,5.843197588621307,1.598,1,Aggressive Tightening
2024-11-01,2BR,1665000.0,55,4.881889763779523,4.881889763779523,4.64,4.2,5.916397707897736,2.165,1,Aggressive Tightening
2024-12-01,2BR,1520000.0,57,-8.708708708708713,-8.708708708708713,4.48,4.1,6.382658749708292,2.234999999999999,1,Aggressive Tightening
2025-01-01,2BR,1687500.0,56,11.019736842105265,11.019736842105265,4.33,4.0,6.003636683883085,2.628,1,Aggressive Tightening
2025-02-01,2BR,1650000.0,59,-2.2222222222222254,-2.2222222222222254,4.33,4.2,5.519245108374249,2.5124999999999993,1,Aggressive Tightening
2025-03-01,2BR,1755000.0,57,6.363636363636371,6.363636363636371,4.33,4.2,5.62358925124351,2.3200000000000003,1,Aggressive Tightening
2025-04-01,2BR,1430000.0,52,-18.518518518518523,-18.518518518518523,4.33,4.2,5.495354856425161,2.3949999999999996,1,Aggressive Tightening
2025-05-01,2BR,1737500.0,62,21.5034965034965,21.5034965034965,4.33,4.3,5.046057293248296,2.486,1,Aggressive Tightening
2025-06-01,2BR,1900000.0,51,9.35251798561152,9.35251798561152,4.33,4.1,5.159616014512847,2.4875,1,Aggressive Tightening
2025-07-01,2BR,1470000.0,49,-22.631578947368425,-19.462686567164177,4.33,4.3,5.30238853104088,2.390000000000001,1,Aggressive Tightening
2025-08-01,2BR,1500000.0,48,2.0408163265306145,2.0408163265306145,4.33,4.3,5.612135211211267,2.2575000000000003,1,Aggressive Tightening
2025-09-01,2BR,1700000.0,51,13.33333333333333,13.33333333333333,4.22,4.4,5.235363020905726,2.1325000000000003,1,Aggressive Tightening
2025-11-01,2BR,1850000.0,47,8.060747663551403,8.060747663551403,3.88,4.5,5.26888390044109,2.3575,1,Aggressive Tightening
2025-12-01,2BR,1922500.0,60,3.918918918918912,3.918918918918912,3.72,4.4,4.682587268393279,2.4699999999999993,1,Aggressive Tightening
2016-02-01,3BR,3610000.0,18,23.35777822048375,23.35777822048375,0.38,4.9,3.614050146080583,3.28,2,Expansion / Normalization
2016-03-01,3BR,2112500.0,10,-41.48199445983379,-31.18840579710145,0.36,5.0,2.9640032522728843,3.334,2,Expansion / Normalization
2016-04-01,3BR,2350000.0,21,11.242603550295849,11.242603550295849,0.37,5.1,3.2959022368561186,3.235,2,Expansion / Normalization
2016-05-01,3BR,3302000.0,25,40.51063829787233,40.51063829787233,0.37,4.8,3.073626928654072,3.23,2,Expansion / Normalization
2016-06-01,3BR,2775000.0,22,-15.960024227740766,-15.960024227740766,0.38,4.9,3.439254462580954,3.188,2,Expansion / Normalization
2016-08-01,3BR,3100000.0,18,11.711711711711704,11.711711711711704,0.4,4.9,3.161452703247769,3.035,2,Expansion / Normalization
2016-09-01,3BR,2128000.0,13,-31.354838709677423,-31.18840579710145,0.4,5.0,3.715365239294721,3.06,2,Expansion / Normalization
2016-10-01,3BR,3298625.0,20,55.01057330827068,49.01960784313726,0.4,4.9,3.808824597213367,3.0700000000000003,2,Expansion / Normalization
2016-11-01,3BR,4859073.5,22,47.30602902724621,47.30602902724621,0.41,4.7,3.78163436151715,3.36,2,Expansion / Normalization
2016-12-01,3BR,3925000.0,20,-19.223284027294508,-19.223284027294508,0.54,4.7,4.4482814005782245,3.658,2,Expansion / Normalization
2017-01-01,3BR,3500000.0,19,-10.828025477707005,-10.828025477707005,0.65,4.7,4.693861195704452,3.5000000000000004,2,Expansion / Normalization
2017-02-01,3BR,3618000.0,23,3.3714285714285808,3.3714285714285808,0.66,4.6,4.252658409335286,3.5075000000000003,2,Expansion / Normalization
2017-03-01,3BR,4424702.0,32,22.296904367053628,22.296904367053628,0.79,4.4,4.808965462231796,3.4059999999999997,2,Expansion / Normalization
2017-05-01,3BR,3207487.0,58,-27.509536235434616,-27.509536235434616,0.91,4.4,4.103471986216367,3.0999999999999996,2,Expansion / Normalization
2017-06-01,3BR,2825000.0,25,-11.92481840144637,-11.92481840144637,1.04,4.3,3.880231242930754,2.864,2,Expansion / Normalization
2017-07-01,3BR,4032499.5,26,42.74334513274336,42.74334513274336,1.15,4.3,3.971246482240698,2.8175000000000003,2,Expansion / Normalization
2017-08-01,3BR,4317000.0,34,7.0551899634457405,7.0551899634457405,1.16,4.4,3.960713475809552,2.72,2,Expansion / Normalization
2017-09-01,3BR,3661972.0,21,-15.173222145008102,-15.173222145008102,1.15,4.3,4.442420562639127,2.655,2,Expansion / Normalization
2017-10-01,3BR,2660000.0,22,-27.361541814082692,-27.361541814082692,1.15,4.2,4.511541151783627,2.745,2,Expansion / Normalization
2017-11-01,3BR,2835000.0,49,6.578947368421062,6.578947368421062,1.16,4.2,5.022880632901572,2.7619999999999996,2,Expansion / Normalization
2018-01-01,3BR,3300000.0,13,16.402116402116395,16.402116402116395,1.41,4.0,4.896009553189362,2.6225000000000005,2,Expansion / Normalization
2018-02-01,3BR,2550000.0,25,-22.72727272727273,-22.72727272727273,1.42,4.1,4.968521744445464,2.91,2,Expansion / Normalization
2018-03-01,3BR,3800000.0,25,49.01960784313726,49.01960784313726,1.51,4.0,4.971879542462276,2.934,2,Expansion / Normalization
2018-04-01,3BR,3000000.0,25,-21.052631578947366,-21.052631578947366,1.69,4.0,5.081553928864313,2.7775000000000003,2,Expansion / Normalization
2018-05-01,3BR,3247500.0,26,8.250000000000002,8.250000000000002,1.7,3.8,5.565635937108548,2.886,2,Expansion / Normalization
2018-06-01,3BR,3125000.0,18,-3.772132409545803,-3.772132409545803,1.82,4.0,5.3322445029186705,2.75,2,Expansion / Normalization
2018-07-01,3BR,2800000.0,23,-10.399999999999999,-10.399999999999999,1.91,3.8,5.364426650984289,2.6174999999999997,2,Expansion / Normalization
2018-08-01,3BR,2385000.0,27,-14.821428571428575,-14.821428571428575,1.91,3.8,5.411219592917416,2.6399999999999997,2,Expansion / Normalization
2018-09-01,3BR,3357500.0,18,40.77568134171907,40.77568134171907,1.95,3.7,4.475565128602632,2.6774999999999993,2,Expansion / Normalization
2018-10-01,3BR,2996000.0,20,-10.766939687267307,-10.766939687267307,2.19,3.8,4.726529094627252,2.64,2,Expansion / Normalization
2018-11-01,3BR,2475000.0,21,-17.38985313751669,-17.38985313751669,2.2,3.8,4.595808162119841,2.6659999999999995,2,Expansion / Normalization
2018-12-01,3BR,3463400.0,22,39.935353535353535,39.935353535353535,2.27,3.9,2.8208486693350743,2.3675,2,Expansion / Normalization
2019-01-01,3BR,3250000.0,17,-6.161575330599989,-6.161575330599989,2.4,4.0,2.7825414316259733,2.0640000000000005,2,Expansion / Normalization
2019-02-01,3BR,3075000.0,28,-5.384615384615388,-5.384615384615388,2.4,3.8,2.7564471165393956,1.97,2,Expansion / Normalization
2019-03-01,3BR,2820000.0,25,-8.292682926829265,-8.292682926829265,2.41,3.8,3.301626888611775,1.8549999999999995,2,Expansion / Normalization
2019-04-01,3BR,2625000.0,24,-6.914893617021278,-6.914893617021278,2.42,3.7,3.263383050063595,1.7225,2,Expansion / Normalization
2019-05-01,3BR,2700000.0,24,2.857142857142847,2.857142857142847,2.39,3.6,3.224020136641492,1.682,2,Expansion / Normalization
2019-06-01,3BR,3723025.0,52,37.88981481481481,37.88981481481481,2.38,3.6,3.433497961293286,1.4225,2,Expansion / Normalization
2019-07-01,3BR,2050000.0,19,-44.937248608322534,-31.18840579710145,2.4,3.7,3.729570369522284,1.3650000000000002,2,Expansion / Normalization
2019-08-01,3BR,2775000.0,18,35.365853658536594,35.365853658536594,2.13,3.6,3.883259597545319,1.4859999999999998,2,Expansion / Normalization
2019-09-01,3BR,2140000.0,31,-22.882882882882882,-22.882882882882882,2.04,3.5,4.086233217766,1.565,2,Expansion / Normalization
2019-10-01,3BR,2450000.0,25,14.485981308411212,14.485981308411212,1.83,3.6,3.793909011510243,1.8579999999999997,2,Expansion / Normalization
2019-11-01,3BR,2980000.0,21,21.63265306122448,21.63265306122448,1.55,3.6,3.869970133235423,2.1450000000000005,2,Expansion / Normalization
2019-12-01,3BR,2895000.0,31,-2.8523489932885893,-2.8523489932885893,1.55,3.6,5.146744854678453,2.17,2,Expansion / Normalization
2020-01-01,3BR,2547500.0,20,-12.003454231433508,-12.003454231433508,1.55,3.6,5.564233276060371,2.074,2,Expansion / Normalization
2020-02-01,3BR,2760000.0,23,8.3415112855741,8.3415112855741,1.58,3.5,5.034213098729223,1.885,2,Expansion / Normalization
2020-03-01,3BR,2155000.0,21,-21.92028985507246,-21.92028985507246,0.65,4.4,-3.058546102775017,2.8000000000000003,3,COVID Shock
2020-04-01,3BR,2087412.0,23,-3.1363341067285333,-3.1363341067285333,0.05,14.8,-14.2813156053184,3.256,3,COVID Shock
2020-05-01,3BR,2327500.0,14,11.501706419240666,11.501706419240666,0.05,13.2,-7.467272334585074,3.1825,3,COVID Shock
2020-06-01,3BR,2617500.0,24,12.459720730397429,12.459720730397429,0.08,11.0,-2.4950203696377904,3.0825,3,COVID Shock
2020-07-01,3BR,1926000.0,19,-26.418338108882523,-26.418338108882523,0.09,10.2,-1.3024282560706313,2.926,3,COVID Shock
2020-08-01,3BR,3730000.0,23,93.6656282450675,49.01960784313726,0.1,8.4,-0.6594221813136292,2.835,3,COVID Shock
2020-09-01,3BR,1925000.0,22,-48.39142091152815,-31.18840579710145,0.09,7.8,0.5311639000452395,2.8000000000000003,3,COVID Shock
2020-10-01,3BR,2502250.0,25,29.987012987012985,29.987012987012985,0.09,6.9,0.7415819502784249,2.744,3,COVID Shock
2020-11-01,3BR,2775000.0,29,10.900189829153772,10.900189829153772,0.09,6.7,-0.0638977635782689,2.6750000000000003,3,COVID Shock
2020-12-01,3BR,2950000.0,25,6.3063063063063085,6.3063063063063085,0.09,6.7,0.3194628692097412,2.5940000000000003,3,COVID Shock
2021-01-01,3BR,2077500.0,22,-29.57627118644067,-29.57627118644067,0.09,6.4,1.3767545718071483,2.645,3,COVID Shock
2021-02-01,3BR,2522500.0,34,21.41997593261131,21.41997593261131,0.08,6.2,1.048010196855964,2.73,3,COVID Shock
2021-03-01,3BR,2625000.0,24,4.063429137760166,4.063429137760166,0.07,6.1,13.732914398239316,3.0125,0,Inflation Surge
2021-04-01,3BR,2950000.0,31,12.380952380952381,12.380952380952381,0.07,6.1,29.94726186199914,2.99,0,Inflation Surge
2021-05-01,3BR,2300000.0,20,-22.033898305084744,-22.033898305084744,0.06,5.8,20.268794940330537,2.9025,0,Inflation Surge
2021-06-01,3BR,3570583.0,31,55.242739130434785,49.01960784313726,0.08,5.9,15.249978646470977,2.895,0,Inflation Surge
2021-07-01,3BR,3029998.0,31,-15.139964538004014,-15.139964538004014,0.1,5.4,13.507185193469027,2.768,0,Inflation Surge
2021-08-01,3BR,2900000.0,29,-4.290365868228296,-4.290365868228296,0.09,5.1,13.488265962301726,2.7525000000000004,0,Inflation Surge
2021-09-01,3BR,2875000.0,31,-0.8620689655172376,-0.8620689655172376,0.08,4.7,12.418104594323731,2.82,0,Inflation Surge
2021-10-01,3BR,3451000.0,28,20.034782608695643,20.034782608695643,0.08,4.5,13.43492373928752,2.9875,0,Inflation Surge
2021-11-01,3BR,2590000.0,27,-24.949290060851926,-24.949290060851926,0.08,4.1,14.61201501877345,2.9875,0,Inflation Surge
2021-12-01,3BR,4312500.0,22,66.5057915057915,49.01960784313726,0.08,3.9,13.958979894751057,3.018,0,Inflation Surge
2022-01-01,3BR,2967500.0,32,-31.18840579710145,-31.18840579710145,0.08,4.0,12.74331586280104,3.365,0,Inflation Surge
2022-02-01,3BR,3549567.5,26,19.61474304970514,19.61474304970514,0.08,3.9,14.165582140354394,3.6825,0,Inflation Surge
2022-03-01,3BR,2775000.0,23,-21.82146134705144,-21.82146134705144,0.2,3.7,10.423496311196256,3.971999999999999,0,Inflation Surge
2022-04-01,3BR,3930000.0,27,41.62162162162162,41.62162162162162,0.33,3.7,9.879063923354805,4.6525,0,Inflation Surge
2022-05-01,3BR,2790000.0,29,-29.007633587786263,-29.007633587786263,0.77,3.6,10.02285034588537,4.459999999999999,0,Inflation Surge
2022-06-01,3BR,3260000.0,26,16.84587813620071,16.84587813620071,1.21,3.6,9.65618187095858,4.312,0,Inflation Surge
2022-07-01,3BR,3175000.0,21,-2.60736196319018,-2.60736196319018,1.68,3.5,9.423819405530876,3.7325,0,Inflation Surge
2022-08-01,3BR,2766500.0,14,-12.866141732283465,-12.866141732283465,2.33,3.6,9.161086706188426,2.8925,0,Inflation Surge
2022-09-01,3BR,2985579.5,24,7.919013193565871,7.919013193565871,2.56,3.5,9.116048903551333,3.552,0,Inflation Surge
2022-10-01,3BR,2897500.0,16,-2.9501642813396844,-2.9501642813396844,3.08,3.6,8.413452904060037,3.82,0,Inflation Surge
2022-11-01,3BR,3825000.0,26,32.010353753235556,32.010353753235556,3.78,3.6,7.467150945411816,3.025,1,Aggressive Tightening
2022-12-01,3BR,2825000.0,20,-26.1437908496732,-26.1437908496732,4.1,3.5,7.255343082114729,2.264,1,Aggressive Tightening
2023-01-01,3BR,3390275.0,28,20.009734513274346,20.009734513274346,4.33,3.5,8.563711471242442,1.9425,1,Aggressive Tightening
2023-02-01,3BR,2950000.0,28,-12.986409657033725,-12.986409657033725,4.57,3.6,8.100081842628315,1.6875,1,Aggressive Tightening
2023-03-01,3BR,4210593.0,29,42.731966101694915,42.731966101694915,4.65,3.5,6.763051097583483,1.8939999999999992,1,Aggressive Tightening
2023-04-01,3BR,2997500.0,24,-28.81050246366723,-28.81050246366723,4.83,3.4,6.585477415666086,1.5124999999999993,1,Aggressive Tightening
2023-05-01,3BR,3295000.0,27,9.924937447873216,9.924937447873216,5.06,3.6,6.202736919969265,1.3650000000000002,1,Aggressive Tightening
2023-06-01,3BR,2585000.0,25,-21.547799696509863,-21.547799696509863,5.08,3.6,5.732405154546272,1.6340000000000003,1,Aggressive Tightening
2023-07-01,3BR,3375000.0,26,30.560928433268852,30.560928433268852,5.12,3.5,6.269520149014363,1.7199999999999998,1,Aggressive Tightening
2023-08-01,3BR,3800000.0,21,12.592592592592599,12.592592592592599,5.33,3.7,5.786844528786306,1.742,1,Aggressive Tightening
2023-09-01,3BR,3262500.0,14,-14.144736842105265,-14.144736842105265,5.33,3.7,5.865123827308705,1.87,1,Aggressive Tightening
2023-10-01,3BR,3525000.0,29,8.045977011494255,8.045977011494255,5.33,3.9,5.520828731722416,2.29,1,Aggressive Tightening
2023-11-01,3BR,3130300.0,28,-11.197163120567378,-11.197163120567378,5.33,3.7,5.9139606803622735,2.112,1,Aggressive Tightening
2023-12-01,3BR,3587116.5,36,14.593377631536919,14.593377631536919,5.33,3.8,6.4416415974388075,1.4850000000000003,1,Aggressive Tightening
2024-01-01,3BR,2209263.5,24,-38.41115837748787,-31.18840579710145,5.33,3.7,4.630036153525108,1.3125,1,Aggressive Tightening
2024-02-01,3BR,2884590.0,27,30.567947191450905,30.567947191450905,5.33,3.9,5.16396634147398,1.4460000000000006,1,Aggressive Tightening
2024-03-01,3BR,2256250.0,32,-21.782645020609515,-21.782645020609515,5.33,3.9,5.730977732662357,1.4900000000000002,1,Aggressive Tightening
2024-04-01,3BR,3250000.0,35,44.04432132963989,44.04432132963989,5.33,3.9,5.492495359890137,1.6624999999999996,1,Aggressive Tightening
2024-05-01,3BR,2341975.0,31,-27.93923076923077,-27.93923076923077,5.33,3.9,5.8581485807357225,1.7299999999999995,1,Aggressive Tightening
2024-06-01,3BR,3067500.0,38,30.979194910278718,30.979194910278718,5.33,4.1,5.707665263942907,1.5875000000000004,1,Aggressive Tightening
2024-07-01,3BR,3100000.0,29,1.0594947025264867,1.0594947025264867,5.33,4.2,5.641223880280877,1.5175,1,Aggressive Tightening
2024-08-01,3BR,3078750.0,24,-0.6854838709677402,-0.6854838709677402,5.33,4.2,5.529380107949544,1.17,1,Aggressive Tightening
2024-09-01,3BR,2985000.0,23,-3.0450669914738104,-3.0450669914738104,5.13,4.1,5.772229251211414,1.0499999999999998,1,Aggressive Tightening
2024-10-01,3BR,3736249.5,24,25.167487437185933,25.167487437185933,4.83,4.1,5.843197588621307,1.598,1,Aggressive Tightening
2024-11-01,3BR,3125000.0,23,-16.35997542455342,-16.35997542455342,4.64,4.2,5.916397707897736,2.165,1,Aggressive Tightening
2024-12-01,3BR,2950000.0,24,-5.600000000000005,-5.600000000000005,4.48,4.1,6.382658749708292,2.234999999999999,1,Aggressive Tightening
2025-01-01,3BR,3000000.0,24,1.6949152542372836,1.6949152542372836,4.33,4.0,6.003636683883085,2.628,1,Aggressive Tightening
2025-02-01,3BR,3544625.0,24,18.154166666666672,18.154166666666672,4.33,4.2,5.519245108374249,2.5124999999999993,1,Aggressive Tightening
2025-03-01,3BR,2995000.0,35,-15.505871566103613,-15.505871566103613,4.33,4.2,5.62358925124351,2.3200000000000003,1,Aggressive Tightening
2025-04-01,3BR,3458504.5,22,15.475943238731226,15.475943238731226,4.33,4.2,5.495354856425161,2.3949999999999996,1,Aggressive Tightening
2025-05-01,3BR,2872500.0,27,-16.943869814250633,-16.943869814250633,4.33,4.3,5.046057293248296,2.486,1,Aggressive Tightening
2025-06-01,3BR,3850000.0,32,34.02959094865101,34.02959094865101,4.33,4.1,5.159616014512847,2.4875,1,Aggressive Tightening
2025-07-01,3BR,3150000.0,31,-18.181818181818176,-18.181818181818176,4.33,4.3,5.30238853104088,2.390000000000001,1,Aggressive Tightening
2025-08-01,3BR,3512500.0,32,11.507936507936511,11.507936507936511,4.33,4.3,5.612135211211267,2.2575000000000003,1,Aggressive Tightening
2025-09-01,3BR,2686909.0,30,-23.504370106761563,-23.504370106761563,4.22,4.4,5.235363020905726,2.1325000000000003,1,Aggressive Tightening
2025-11-01,3BR,2875000.0,22,-0.6908462867012077,-0.6908462867012077,3.88,4.5,5.26888390044109,2.3575,1,Aggressive Tightening
2025-12-01,3BR,4650000.0,21,61.73913043478261,49.01960784313726,3.72,4.4,4.682587268393279,2.4699999999999993,1,Aggressive Tightening
2017-05-01,4BR+,5781662.5,24,-49.840651051178185,-41.6058394160584,0.91,4.4,4.103471986216367,3.0999999999999996,2,Expansion / Normalization
2017-11-01,4BR+,7238750.0,22,62.66853932584269,62.66853932584269,1.16,4.2,5.022880632901572,2.7619999999999996,2,Expansion / Normalization
2018-09-01,4BR+,8000000.0,15,14.31143435844493,14.31143435844493,1.95,3.7,4.475565128602632,2.6774999999999993,2,Expansion / Normalization
2019-06-01,4BR+,10043343.5,30,98.8780891089109,62.66853932584269,2.38,3.6,3.433497961293286,1.4225,2,Expansion / Normalization
2019-12-01,4BR+,6500000.0,15,0.5802707930367523,0.5802707930367523,1.55,3.6,5.146744854678453,2.17,2,Expansion / Normalization
2020-12-01,4BR+,6375000.0,19,-1.925128951148103,-1.925128951148103,0.09,6.7,0.3194628692097412,2.5940000000000003,3,COVID Shock
2021-06-01,4BR+,6500000.0,19,46.06741573033708,46.06741573033708,0.08,5.9,15.249978646470977,2.895,0,Inflation Surge
2021-07-01,4BR+,5900000.0,18,-9.230769230769232,-9.230769230769232,0.1,5.4,13.507185193469027,2.768,0,Inflation Surge
2022-01-01,4BR+,5412500.0,16,-31.127723874662006,-31.127723874662006,0.08,4.0,12.74331586280104,3.365,0,Inflation Surge
2022-03-01,4BR+,5300000.0,17,9.560723514211888,9.560723514211888,0.2,3.7,10.423496311196256,3.971999999999999,0,Inflation Surge
2022-04-01,4BR+,7145000.0,17,34.81132075471698,34.81132075471698,0.33,3.7,9.879063923354805,4.6525,0,Inflation Surge
2022-06-01,4BR+,5316968.5,20,1.2755904761904802,1.2755904761904802,1.21,3.6,9.65618187095858,4.312,0,Inflation Surge
2022-08-01,4BR+,5842500.0,16,4.798206278026895,4.798206278026895,2.33,3.6,9.161086706188426,2.8925,0,Inflation Surge
2022-12-01,4BR+,6246250.0,16,-13.246527777777771,-13.246527777777771,4.1,3.5,7.255343082114729,2.264,1,Aggressive Tightening
2023-01-01,4BR+,8562500.0,16,37.082249349609775,37.082249349609775,4.33,3.5,8.563711471242442,1.9425,1,Aggressive Tightening
2023-02-01,4BR+,5000000.0,15,-41.6058394160584,-41.6058394160584,4.57,3.6,8.100081842628315,1.6875,1,Aggressive Tightening
2023-05-01,4BR+,5750000.0,17,33.52685050798259,33.52685050798259,5.06,3.6,6.202736919969265,1.3650000000000002,1,Aggressive Tightening
2023-06-01,4BR+,8072500.0,18,40.39130434782609,40.39130434782609,5.08,3.6,5.732405154546272,1.6340000000000003,1,Aggressive Tightening
2023-09-01,4BR+,6686250.0,16,-11.72830338135551,-11.72830338135551,5.33,3.7,5.865123827308705,1.87,1,Aggressive Tightening
2024-02-01,4BR+,5825000.0,19,54.30463576158942,54.30463576158942,5.33,3.9,5.16396634147398,1.4460000000000006,1,Aggressive Tightening
2024-04-01,4BR+,5900000.0,15,-26.249999999999996,-26.249999999999996,5.33,3.9,5.492495359890137,1.6624999999999996,1,Aggressive Tightening
2024-05-01,4BR+,6700000.0,17,13.559322033898313,13.559322033898313,5.33,3.9,5.8581485807357225,1.7299999999999995,1,Aggressive Tightening
2024-11-01,4BR+,6362049.0,18,19.82205375527748,19.82205375527748,4.64,4.2,5.916397707897736,2.165,1,Aggressive Tightening
2024-12-01,4BR+,5550000.0,16,-12.763953877123546,-12.763953877123546,4.48,4.1,6.382658749708292,2.234999999999999,1,Aggressive Tightening
2025-02-01,4BR+,7154640.0,16,14.703647294589173,14.703647294589173,4.33,4.2,5.519245108374249,2.5124999999999993,1,Aggressive Tightening
2025-04-01,4BR+,5275000.0,18,4.455445544554459,4.455445544554459,4.33,4.2,5.495354856425161,2.3949999999999996,1,Aggressive Tightening
2025-05-01,4BR+,6050000.0,17,14.691943127962093,14.691943127962093,4.33,4.3,5.046057293248296,2.486,1,Aggressive Tightening
2025-06-01,4BR+,6400000.0,17,5.785123966942152,5.785123966942152,4.33,4.1,5.159616014512847,2.4875,1,Aggressive Tightening
2025-07-01,4BR+,5999250.0,19,-6.26171875,-6.26171875,4.33,4.3,5.30238853104088,2.390000000000001,1,Aggressive Tightening
2025-08-01,4BR+,5525000.0,15,-7.905154811018045,-7.905154811018045,4.33,4.3,5.612135211211267,2.2575000000000003,1,Aggressive Tightening
2016-02-01,Studio,497500.0,20,-2.450980392156865,-2.450980392156865,0.38,4.9,3.614050146080583,3.28,2,Expansion / Normalization
2016-03-01,Studio,277006.5,26,-44.320301507537685,-19.811320754716977,0.36,5.0,2.9640032522728843,3.334,2,Expansion / Normalization
2016-04-01,Studio,470500.0,28,69.85160998027122,23.411764705882355,0.37,5.1,3.2959022368561186,3.235,2,Expansion / Normalization
2016-05-01,Studio,544000.0,25,15.621679064824656,15.621679064824656,0.37,4.8,3.073626928654072,3.23,2,Expansion / Normalization
2016-06-01,Studio,479000.0,25,-11.948529411764708,-11.948529411764708,0.38,4.9,3.439254462580954,3.188,2,Expansion / Normalization
2016-08-01,Studio,517900.0,32,8.121085594989562,8.121085594989562,0.4,4.9,3.161452703247769,3.035,2,Expansion / Normalization
2016-09-01,Studio,575000.0,28,11.025294458389645,11.025294458389645,0.4,5.0,3.715365239294721,3.06,2,Expansion / Normalization
2016-10-01,Studio,485000.0,22,-15.652173913043477,-15.652173913043477,0.4,4.9,3.808824597213367,3.0700000000000003,2,Expansion / Normalization
2016-11-01,Studio,587500.0,17,21.134020618556693,21.134020618556693,0.41,4.7,3.78163436151715,3.36,2,Expansion / Normalization
2016-12-01,Studio,607500.0,22,3.404255319148941,3.404255319148941,0.54,4.7,4.4482814005782245,3.658,2,Expansion / Normalization
2017-01-01,Studio,560000.0,24,-7.818930041152261,-7.818930041152261,0.65,4.7,4.693861195704452,3.5000000000000004,2,Expansion / Normalization
2017-02-01,Studio,570500.0,16,1.8750000000000044,1.8750000000000044,0.66,4.6,4.252658409335286,3.5075000000000003,2,Expansion / Normalization
2017-03-01,Studio,595000.0,23,4.294478527607359,4.294478527607359,0.79,4.4,4.808965462231796,3.4059999999999997,2,Expansion / Normalization
2017-05-01,Studio,549000.0,38,-7.731092436974785,-7.731092436974785,0.91,4.4,4.103471986216367,3.0999999999999996,2,Expansion / Normalization
2017-06-01,Studio,550000.0,11,0.18214936247722413,0.18214936247722413,1.04,4.3,3.880231242930754,2.864,2,Expansion / Normalization
2017-07-01,Studio,417500.0,16,-24.090909090909097,-19.811320754716977,1.15,4.3,3.971246482240698,2.8175000000000003,2,Expansion / Normalization
2017-08-01,Studio,595000.0,19,42.51497005988023,23.411764705882355,1.16,4.4,3.960713475809552,2.72,2,Expansion / Normalization
2017-09-01,Studio,616000.0,25,3.529411764705892,3.529411764705892,1.15,4.3,4.442420562639127,2.655,2,Expansion / Normalization
2017-10-01,Studio,498000.0,23,-19.15584415584416,-19.15584415584416,1.15,4.2,4.511541151783627,2.745,2,Expansion / Normalization
2017-11-01,Studio,514000.0,36,3.2128514056224855,3.2128514056224855,1.16,4.2,5.022880632901572,2.7619999999999996,2,Expansion / Normalization
2018-01-01,Studio,565000.0,23,9.922178988326857,9.922178988326857,1.41,4.0,4.896009553189362,2.6225000000000005,2,Expansion / Normalization
2018-02-01,Studio,495500.0,16,-12.300884955752212,-12.300884955752212,1.42,4.1,4.968521744445464,2.91,2,Expansion / Normalization
2018-03-01,Studio,618500.0,14,24.82341069626639,23.411764705882355,1.51,4.0,4.971879542462276,2.934,2,Expansion / Normalization
2018-04-01,Studio,511000.0,18,-17.380759902991105,-17.380759902991105,1.69,4.0,5.081553928864313,2.7775000000000003,2,Expansion / Normalization
2018-05-01,Studio,480000.0,17,-6.06653620352251,-6.06653620352251,1.7,3.8,5.565635937108548,2.886,2,Expansion / Normalization
2018-06-01,Studio,430000.0,23,-10.416666666666663,-10.416666666666663,1.82,4.0,5.3322445029186705,2.75,2,Expansion / Normalization
2018-07-01,Studio,525000.0,35,22.093023255813947,22.093023255813947,1.91,3.8,5.364426650984289,2.6174999999999997,2,Expansion / Normalization
2018-08-01,Studio,505000.0,25,-3.809523809523807,-3.809523809523807,1.91,3.8,5.411219592917416,2.6399999999999997,2,Expansion / Normalization
2018-09-01,Studio,548875.0,20,8.688118811881186,8.688118811881186,1.95,3.7,4.475565128602632,2.6774999999999993,2,Expansion / Normalization
2018-10-01,Studio,493000.0,24,-10.179913459348667,-10.179913459348667,2.19,3.8,4.726529094627252,2.64,2,Expansion / Normalization
2018-11-01,Studio,450000.0,16,-8.722109533468558,-8.722109533468558,2.2,3.8,4.595808162119841,2.6659999999999995,2,Expansion / Normalization
2018-12-01,Studio,555000.0,26,23.33333333333334,23.33333333333334,2.27,3.9,2.8208486693350743,2.3675,2,Expansion / Normalization
2019-01-01,Studio,573750.0,24,3.378378378378377,3.378378378378377,2.4,4.0,2.7825414316259733,2.0640000000000005,2,Expansion / Normalization
2019-02-01,Studio,465000.0,23,-18.954248366013072,-18.954248366013072,2.4,3.8,2.7564471165393956,1.97,2,Expansion / Normalization
2019-03-01,Studio,550000.0,20,18.279569892473123,18.279569892473123,2.41,3.8,3.301626888611775,1.8549999999999995,2,Expansion / Normalization
2019-04-01,Studio,470000.0,15,-14.54545454545455,-14.54545454545455,2.42,3.7,3.263383050063595,1.7225,2,Expansion / Normalization
2019-05-01,Studio,494500.0,14,5.212765957446819,5.212765957446819,2.39,3.6,3.224020136641492,1.682,2,Expansion / Normalization
2019-06-01,Studio,590000.0,5,19.312436804853395,19.312436804853395,2.38,3.6,3.433497961293286,1.4225,2,Expansion / Normalization
2019-07-01,Studio,475000.0,26,-19.491525423728817,-19.491525423728817,2.4,3.7,3.729570369522284,1.3650000000000002,2,Expansion / Normalization
2019-08-01,Studio,485000.0,26,2.1052631578947434,2.1052631578947434,2.13,3.6,3.883259597545319,1.4859999999999998,2,Expansion / Normalization
2019-09-01,Studio,550000.0,19,13.4020618556701,13.4020618556701,2.04,3.5,4.086233217766,1.565,2,Expansion / Normalization
2019-10-01,Studio,502120.0,26,-8.70545454545455,-8.70545454545455,1.83,3.6,3.793909011510243,1.8579999999999997,2,Expansion / Normalization
2019-11-01,Studio,498500.0,20,-0.7209432008284833,-0.7209432008284833,1.55,3.6,3.869970133235423,2.1450000000000005,2,Expansion / Normalization
2019-12-01,Studio,460000.0,25,-7.723169508525574,-7.723169508525574,1.55,3.6,5.146744854678453,2.17,2,Expansion / Normalization
2020-01-01,Studio,447500.0,20,-2.717391304347827,-2.717391304347827,1.55,3.6,5.564233276060371,2.074,2,Expansion / Normalization
2020-02-01,Studio,440000.0,27,-1.6759776536312887,-1.6759776536312887,1.58,3.5,5.034213098729223,1.885,2,Expansion / Normalization
2020-03-01,Studio,475000.0,17,7.954545454545459,7.954545454545459,0.65,4.4,-3.058546102775017,2.8000000000000003,3,COVID Shock
2020-04-01,Studio,497000.0,22,4.631578947368431,4.631578947368431,0.05,14.8,-14.2813156053184,3.256,3,COVID Shock
2020-05-01,Studio,450000.0,17,-9.456740442655931,-9.456740442655931,0.05,13.2,-7.467272334585074,3.1825,3,COVID Shock
2020-06-01,Studio,450000.0,22,0.0,0.0,0.08,11.0,-2.4950203696377904,3.0825,3,COVID Shock
2020-07-01,Studio,490000.0,23,8.888888888888879,8.888888888888879,0.09,10.2,-1.3024282560706313,2.926,3,COVID Shock
2020-08-01,Studio,445000.0,32,-9.183673469387754,-9.183673469387754,0.1,8.4,-0.6594221813136292,2.835,3,COVID Shock
2020-09-01,Studio,512500.0,20,15.168539325842701,15.168539325842701,0.09,7.8,0.5311639000452395,2.8000000000000003,3,COVID Shock
2020-10-01,Studio,429000.0,18,-16.292682926829272,-16.292682926829272,0.09,6.9,0.7415819502784249,2.744,3,COVID Shock
2020-11-01,Studio,507500.0,18,18.298368298368306,18.298368298368306,0.09,6.7,-0.0638977635782689,2.6750000000000003,3,COVID Shock
2020-12-01,Studio,460000.0,16,-9.35960591133005,-9.35960591133005,0.09,6.7,0.3194628692097412,2.5940000000000003,3,COVID Shock
2021-01-01,Studio,426000.0,19,-7.391304347826089,-7.391304347826089,0.09,6.4,1.3767545718071483,2.645,3,COVID Shock
2021-02-01,Studio,443000.0,18,3.9906103286384997,3.9906103286384997,0.08,6.2,1.048010196855964,2.73,3,COVID Shock
2021-03-01,Studio,496000.0,17,11.963882618510159,11.963882618510159,0.07,6.1,13.732914398239316,3.0125,0,Inflation Surge
2021-04-01,Studio,382500.0,14,-22.883064516129036,-19.811320754716977,0.07,6.1,29.94726186199914,2.99,0,Inflation Surge
2021-05-01,Studio,425000.0,23,11.111111111111116,11.111111111111116,0.06,5.8,20.268794940330537,2.9025,0,Inflation Surge
2021-06-01,Studio,524500.0,18,23.411764705882355,23.411764705882355,0.08,5.9,15.249978646470977,2.895,0,Inflation Surge
2021-07-01,Studio,432500.0,20,-17.540514775977122,-17.540514775977122,0.1,5.4,13.507185193469027,2.768,0,Inflation Surge
2021-08-01,Studio,430000.0,17,-0.5780346820809301,-0.5780346820809301,0.09,5.1,13.488265962301726,2.7525000000000004,0,Inflation Surge
2021-09-01,Studio,545000.0,19,26.74418604651163,23.411764705882355,0.08,4.7,12.418104594323731,2.82,0,Inflation Surge
2021-10-01,Studio,530000.0,23,-2.752293577981646,-2.752293577981646,0.08,4.5,13.43492373928752,2.9875,0,Inflation Surge
2021-11-01,Studio,425000.0,19,-19.811320754716977,-19.811320754716977,0.08,4.1,14.61201501877345,2.9875,0,Inflation Surge
2021-12-01,Studio,500000.0,30,17.647058823529417,17.647058823529417,0.08,3.9,13.958979894751057,3.018,0,Inflation Surge
2022-01-01,Studio,408750.0,22,-18.25,-18.25,0.08,4.0,12.74331586280104,3.365,0,Inflation Surge
2022-02-01,Studio,445000.0,19,8.868501529051986,8.868501529051986,0.08,3.9,14.165582140354394,3.6825,0,Inflation Surge
2022-03-01,Studio,522000.0,20,17.303370786516847,17.303370786516847,0.2,3.7,10.423496311196256,3.971999999999999,0,Inflation Surge
2022-04-01,Studio,473500.0,13,-9.291187739463602,-9.291187739463602,0.33,3.7,9.879063923354805,4.6525,0,Inflation Surge
2022-05-01,Studio,487000.0,12,2.8511087645195277,2.8511087645195277,0.77,3.6,10.02285034588537,4.459999999999999,0,Inflation Surge
2022-06-01,Studio,477000.0,26,-2.053388090349073,-2.053388090349073,1.21,3.6,9.65618187095858,4.312,0,Inflation Surge
2022-07-01,Studio,545000.0,17,14.25576519916143,14.25576519916143,1.68,3.5,9.423819405530876,3.7325,0,Inflation Surge
2022-08-01,Studio,492500.0,26,-9.633027522935777,-9.633027522935777,2.33,3.6,9.161086706188426,2.8925,0,Inflation Surge
2022-09-01,Studio,465000.0,29,-5.58375634517766,-5.58375634517766,2.56,3.5,9.116048903551333,3.552,0,Inflation Surge
2022-10-01,Studio,510000.0,18,9.677419354838701,9.677419354838701,3.08,3.6,8.413452904060037,3.82,0,Inflation Surge
2022-11-01,Studio,644000.0,20,26.274509803921564,23.411764705882355,3.78,3.6,7.467150945411816,3.025,1,Aggressive Tightening
2022-12-01,Studio,505000.0,26,-21.583850931677016,-19.811320754716977,4.1,3.5,7.255343082114729,2.264,1,Aggressive Tightening
2023-01-01,Studio,430000.0,19,-14.851485148514854,-14.851485148514854,4.33,3.5,8.563711471242442,1.9425,1,Aggressive Tightening
2023-02-01,Studio,462500.0,16,7.558139534883712,7.558139534883712,4.57,3.6,8.100081842628315,1.6875,1,Aggressive Tightening
2023-03-01,Studio,480000.0,22,3.7837837837837895,3.7837837837837895,4.65,3.5,6.763051097583483,1.8939999999999992,1,Aggressive Tightening
2023-04-01,Studio,477500.0,18,-0.520833333333337,-0.520833333333337,4.83,3.4,6.585477415666086,1.5124999999999993,1,Aggressive Tightening
2023-05-01,Studio,495965.0,24,3.867015706806276,3.867015706806276,5.06,3.6,6.202736919969265,1.3650000000000002,1,Aggressive Tightening
2023-06-01,Studio,534581.0,17,7.786033288639316,7.786033288639316,5.08,3.6,5.732405154546272,1.6340000000000003,1,Aggressive Tightening
2023-07-01,Studio,495000.0,15,-7.404116494974566,-7.404116494974566,5.12,3.5,6.269520149014363,1.7199999999999998,1,Aggressive Tightening
2023-08-01,Studio,512500.0,22,3.535353535353525,3.535353535353525,5.33,3.7,5.786844528786306,1.742,1,Aggressive Tightening
2023-09-01,Studio,500000.0,25,-2.4390243902439046,-2.4390243902439046,5.33,3.7,5.865123827308705,1.87,1,Aggressive Tightening
2023-10-01,Studio,517500.0,28,3.499999999999992,3.499999999999992,5.33,3.9,5.520828731722416,2.29,1,Aggressive Tightening
2023-11-01,Studio,525000.0,23,1.449275362318847,1.449275362318847,5.33,3.7,5.9139606803622735,2.112,1,Aggressive Tightening
2023-12-01,Studio,572500.0,15,9.047619047619037,9.047619047619037,5.33,3.8,6.4416415974388075,1.4850000000000003,1,Aggressive Tightening
2024-01-01,Studio,490000.0,29,-14.41048034934498,-14.41048034934498,5.33,3.7,4.630036153525108,1.3125,1,Aggressive Tightening
2024-02-01,Studio,550000.0,23,12.244897959183664,12.244897959183664,5.33,3.9,5.16396634147398,1.4460000000000006,1,Aggressive Tightening
2024-03-01,Studio,433500.0,18,-21.18181818181818,-19.811320754716977,5.33,3.9,5.730977732662357,1.4900000000000002,1,Aggressive Tightening
2024-04-01,Studio,490000.0,27,13.033448673587088,13.033448673587088,5.33,3.9,5.492495359890137,1.6624999999999996,1,Aggressive Tightening
2024-05-01,Studio,532500.0,12,8.673469387755105,8.673469387755105,5.33,3.9,5.8581485807357225,1.7299999999999995,1,Aggressive Tightening
2024-06-01,Studio,460250.0,22,-13.568075117370892,-13.568075117370892,5.33,4.1,5.707665263942907,1.5875000000000004,1,Aggressive Tightening
2024-07-01,Studio,425000.0,17,-7.658881042911458,-7.658881042911458,5.33,4.2,5.641223880280877,1.5175,1,Aggressive Tightening
2024-08-01,Studio,500000.0,27,17.647058823529417,17.647058823529417,5.33,4.2,5.529380107949544,1.17,1,Aggressive Tightening
2024-09-01,Studio,573015.0,20,14.60300000000001,14.60300000000001,5.13,4.1,5.772229251211414,1.0499999999999998,1,Aggressive Tightening
2024-10-01,Studio,487450.0,26,-14.932418872106313,-14.932418872106313,4.83,4.1,5.843197588621307,1.598,1,Aggressive Tightening
2024-11-01,Studio,575000.0,30,17.96081649399939,17.96081649399939,4.64,4.2,5.916397707897736,2.165,1,Aggressive Tightening
2024-12-01,Studio,583750.0,20,1.521739130434785,1.521739130434785,4.48,4.1,6.382658749708292,2.234999999999999,1,Aggressive Tightening
2025-01-01,Studio,589000.0,23,0.8993576017130689,0.8993576017130689,4.33,4.0,6.003636683883085,2.628,1,Aggressive Tightening
2025-02-01,Studio,556434.0,18,-5.529032258064515,-5.529032258064515,4.33,4.2,5.519245108374249,2.5124999999999993,1,Aggressive Tightening
2025-03-01,Studio,562500.0,22,1.0901562449454838,1.0901562449454838,4.33,4.2,5.62358925124351,2.3200000000000003,1,Aggressive Tightening
2025-04-01,Studio,543000.0,28,-3.4666666666666623,-3.4666666666666623,4.33,4.2,5.495354856425161,2.3949999999999996,1,Aggressive Tightening
2025-05-01,Studio,550000.0,15,1.2891344383057168,1.2891344383057168,4.33,4.3,5.046057293248296,2.486,1,Aggressive Tightening
2025-06-01,Studio,443375.0,20,-19.386363636363633,-19.386363636363633,4.33,4.1,5.159616014512847,2.4875,1,Aggressive Tightening
2025-07-01,Studio,543250.0,25,22.526078376092464,22.526078376092464,4.33,4.3,5.30238853104088,2.390000000000001,1,Aggressive Tightening
2025-08-01,Studio,527500.0,23,-2.899217671421994,-2.899217671421994,4.33,4.3,5.612135211211267,2.2575000000000003,1,Aggressive Tightening
2025-09-01,Studio,535000.0,37,1.4218009478673022,1.4218009478673022,4.22,4.4,5.235363020905726,2.1325000000000003,1,Aggressive Tightening
2025-11-01,Studio,539000.0,25,10.45081967213115,10.45081967213115,3.88,4.5,5.26888390044109,2.3575,1,Aggressive Tightening
2025-12-01,Studio,523500.0,24,-2.87569573283859,-2.87569573283859,3.72,4.4,4.682587268393279,2.4699999999999993,1,Aggressive Tightening
